month,total,heavy,medium,light,heavy_pct,n_shipments,source_file
1986-01-01,54050,16809,22663,14578,31.098982423681775,133,impa86d.xls
1986-02-01,35449,10534,17149,7766,29.71592992750148,88,impa86d.xls
1986-03-01,40874,11157,21128,8589,27.296080638058424,98,impa86d.xls
1986-04-01,48764,15531,25731,7502,31.84931506849315,111,impa86d.xls
1986-05-01,63938,19165,29395,15378,29.97435015170947,134,impa86d.xls
1986-06-01,69068,18630,30252,20186,26.973417501592632,150,impa86d.xls
1986-07-01,73759,21666,32061,20032,29.374042489730066,151,impa86d.xls
1986-08-01,75890,19513,31923,24454,25.712215048095928,153,impa86d.xls
1986-09-01,77605,21756,27474,28375,28.03427614200116,161,impa86d.xls
1986-10-01,70866,19778,29532,21556,27.909011373578302,157,impa86d.xls
1986-11-01,71555,21656,30290,19609,30.26483124868982,150,impa86d.xls
1986-12-01,71027,19566,36607,14854,27.547270756191306,142,impa86d.xls
1987-01-01,77697,21756,36544,19397,28.001081122823276,162,impa87d.xls
1987-02-01,54207,16448,24817,12942,30.342944638146363,118,impa87d.xls
1987-03-01,56010,19374,26526,10110,34.59025174076058,125,impa87d.xls
1987-04-01,55744,19839,21804,14101,35.589480482204365,119,impa87d.xls
1987-05-01,58774,21870,18166,18738,37.210331098785176,132,impa87d.xls
1987-06-01,70284,21774,33018,15492,30.980023903022026,168,impa87d.xls
1987-07-01,83895,21517,43353,19025,25.647535609988676,187,impa87d.xls
1987-08-01,85412,23229,43558,18625,27.196412682058728,187,impa87d.xls
1987-09-01,80848,23046,38196,19606,28.50534336037997,182,impa87d.xls
1987-10-01,85281,23219,40265,21797,27.2264631043257,196,impa87d.xls
1987-11-01,83551,20692,44440,18419,24.765711960359543,179,impa87d.xls
1987-12-01,71612,20659,38546,12407,28.848517008322627,161,impa87d.xls
1988-01-01,76900,23015,40327,13558,29.92847854356307,169,impa88d.xls
1988-02-01,69874,19811,36636,13427,28.35246300483728,135,impa88d.xls
1988-03-01,75066,22226,37445,15395,29.60861108890843,175,impa88d.xls
1988-04-01,82981,17785,40315,24881,21.43261710512045,188,impa88d.xls
1988-05-01,85008,24656,38860,21492,29.004329004329005,186,impa88d.xls
1988-06-01,84715,19818,41487,23410,23.393731924688662,179,impa88d.xls
1988-07-01,87811,19379,44139,24293,22.068989078817005,175,impa88d.xls
1988-08-01,86286,18850,50033,17403,21.845954152469695,180,impa88d.xls
1988-09-01,85824,21535,44481,19808,25.09204884414616,163,impa88d.xls
1988-10-01,87623,18762,43106,25755,21.412186298118073,182,impa88d.xls
1988-11-01,82718,17726,47943,17049,21.429434947653473,164,impa88d.xls
1988-12-01,84533,17967,44753,21813,21.254421350241916,147,impa88d.xls
1989-01-01,105337,20734,51096,33507,19.683492030340716,201,impa89d.xls
1989-02-01,80771,15786,45076,19909,19.5441433187654,156,impa89d.xls
1989-03-01,82637,19228,43331,20078,23.268027638951075,158,impa89d.xls
1989-04-01,102172,23316,52102,26754,22.82034216810868,208,impa89d.xls
1989-05-01,99477,22025,53127,24325,22.14079636498889,198,impa89d.xls
1989-06-01,96870,17684,59924,19262,18.255393826778157,196,impa89d.xls
1989-07-01,109423,17079,63917,28427,15.60823592846111,201,impa89d.xls
1989-08-01,113663,23992,61976,27695,21.108012281921116,219,impa89d.xls
1989-09-01,93731,17460,53246,23025,18.6277752291131,184,impa89d.xls
1989-10-01,103770,21645,59901,22224,20.85862966175195,203,impa89d.xls
1989-11-01,104221,19106,63642,21473,18.332197925562028,194,impa89d.xls
1989-12-01,87122,17238,49852,20032,19.78604715226923,161,impa89d.xls
1990-01-01,107706,21688,61437,24581,20.13629695652981,193,impa90d.xls
1990-02-01,85691,17357,49071,19263,20.25533603295562,157,impa90d.xls
1990-03-01,101208,19914,57619,23675,19.676310173108845,188,impa90d.xls
1990-04-01,98685,16949,56416,25320,17.174849267872524,193,impa90d.xls
1990-05-01,115396,21820,60409,33167,18.9088009983015,218,impa90d.xls
1990-06-01,108219,22966,55862,29391,21.221781757362386,199,impa90d.xls
1990-07-01,116637,20378,72353,23906,17.471299844817683,216,impa90d.xls
1990-08-01,114382,17899,68924,27559,15.648441188298857,223,impa90d.xls
1990-09-01,95161,23587,53689,17885,24.786414602620823,178,impa90d.xls
1990-10-01,81601,25440,41075,15086,31.176088528326858,152,impa90d.xls
1990-11-01,85972,23347,51030,11595,27.156516075001164,160,impa90d.xls
1990-12-01,77369,20753,45700,10916,26.823404722821802,141,impa90d.xls
1991-01-01,94008,24419,56205,13384,25.97544889796613,172,impa91d.xls
1991-02-01,82914,19692,52231,10991,23.74990954482958,139,impa91d.xls
1991-03-01,86375,24459,48184,13732,28.317221418234443,155,impa91d.xls
1991-04-01,90542,17860,57886,14796,19.72565218351704,152,impa91d.xls
1991-05-01,106152,19805,59338,27009,18.657208531162862,177,impa91d.xls
1991-06-01,101665,23952,58458,19255,23.55973048738504,169,impa91d.xls
1991-07-01,103201,19458,59240,24503,18.854468464452864,172,impa91d.xls
1991-08-01,113350,22169,69525,21656,19.55800617556242,184,impa91d.xls
1991-09-01,100634,24886,60819,14929,24.729216765705427,168,impa91d.xls
1991-10-01,100991,25803,49308,25880,25.549801467457495,193,impa91d.xls
1991-11-01,93526,23570,58858,11098,25.201548232577036,150,impa91d.xls
1991-12-01,93315,22101,55265,15949,23.684295129400418,151,impa91d.xls
1992-01-01,100586,21429,65053,14104,21.304157636251567,164,impa92d.xls
1992-02-01,82222,22153,51307,8762,26.942910656515288,138,impa92d.xls
1992-03-01,89515,25797,53605,10113,28.818633748533767,169,impa92d.xls
1992-04-01,102556,22676,63745,16135,22.110846756893796,170,impa92d.xls
1992-05-01,103553,28290,55925,19338,27.31934371770977,181,impa92d.xls
1992-06-01,99287,23438,54566,21283,23.60631301177395,188,impa92d.xls
1992-07-01,115256,26116,69619,19521,22.659124036926492,205,impa92d.xls
1992-08-01,110487,26295,64488,19704,23.799179994026446,202,impa92d.xls
1992-09-01,105872,31410,54760,19702,29.66790086141756,210,impa92d.xls
1992-10-01,117228,31471,63187,22570,26.84597536424745,223,impa92d.xls
1992-11-01,103229,27513,61703,14013,26.6523941915547,203,impa92d.xls
1992-12-01,103734,27413,60972,15349,26.42624404727476,185,impa92d.xls
1993-01-01,114080,34588,62786,16706,30.31907433380084,239,impa93d.xls
1993-02-01,98535,30052,57249,11234,30.498807530319176,184,impa93d.xls
1993-03-01,112110,32210,64777,15123,28.73071090892873,213,impa93d.xls
1993-04-01,118152,32230,68855,17067,27.278421016995058,206,impa93d.xls
1993-05-01,111854,30627,64425,16802,27.38122910222254,212,impa93d.xls
1993-06-01,114272,28714,70167,15391,25.12776533183982,209,impa93d.xls
1993-07-01,123183,33984,69104,20095,27.588222400818296,229,impa93d.xls
1993-08-01,112934,36165,55510,21259,32.02312855296014,219,impa93d.xls
1993-09-01,107993,33806,58706,15481,31.30388080708935,201,impa93d.xls
1993-10-01,117589,38442,58930,20217,32.691833419792665,224,impa93d.xls
1993-11-01,116439,38849,58216,19374,33.3642508094367,225,impa93d.xls
1993-12-01,116399,33101,66520,16778,28.437529532040653,210,impa93d.xls
1994-01-01,106848,34487,56901,15460,32.276692123390234,199,impa94d.xls
1994-02-01,93199,31578,44977,16644,33.88233779332396,183,impa94d.xls
1994-03-01,114293,36195,55459,22639,31.668606126359446,215,impa94d.xls
1994-04-01,120327,38241,64255,17831,31.7808970555237,221,impa94d.xls
1994-05-01,124522,37229,63061,24232,29.897528147636564,239,impa94d.xls
1994-06-01,124722,38498,55604,30620,30.86704831545357,241,impa94d.xls
1994-07-01,137862,34183,68278,35401,24.795084940012476,251,impa94d.xls
1994-08-01,137002,35473,62699,38830,25.892322739814016,255,impa94d.xls
1994-09-01,142957,41740,60906,40311,29.197590883972104,269,impa94d.xls
1994-10-01,126187,34215,60439,31533,27.11452051320659,233,impa94d.xls
1994-11-01,126577,37060,57930,31587,29.2786209184923,250,impa94d.xls
1994-12-01,120229,36365,58258,25606,30.24644636485374,233,impa94d.xls
1995-01-01,115107,35458,55184,24465,30.804382009782202,218,impa95d.xls
1995-02-01,102971,32569,47225,23177,31.62929368462965,208,impa95d.xls
1995-03-01,129473,38006,63439,28028,29.354382767063402,237,impa95d.xls
1995-04-01,120485,39267,55017,26201,32.59077893513715,229,impa95d.xls
1995-05-01,128427,40328,54055,34044,31.401496570035896,244,impa95d.xls
1995-06-01,131711,41094,61499,29118,31.200127551988825,243,impa95d.xls
1995-07-01,126631,40998,61012,24621,32.37595849357582,235,impa95d.xls
1995-08-01,128982,40579,55566,32837,31.460979051340498,236,impa95d.xls
1995-09-01,131550,36757,58831,35962,27.94146712276701,234,impa95d.xls
1995-10-01,122606,34733,51849,36024,28.328956168539875,228,impa95d.xls
1995-11-01,123206,35867,56799,30540,29.11140691200104,236,impa95d.xls
1995-12-01,121211,39112,58239,23860,32.2676984762109,229,impa95d.xls
1996-01-01,133623,44722,59728,29173,33.46878905577633,237,impa96d.xls
1996-02-01,109897,40006,42355,27536,36.40317752076945,211,impa96d.xls
1996-03-01,129006,46326,55830,26850,35.909957676387144,236,impa96d.xls
1996-04-01,129101,43458,56715,28928,33.6620165606773,246,impa96d.xls
1996-05-01,144200,44103,64762,35335,30.584604715672675,265,impa96d.xls
1996-06-01,138708,47806,58570,32332,34.465207486230064,266,impa96d.xls
1996-07-01,141238,47876,59819,33543,33.897393052861126,261,impa96d.xls
1996-08-01,133840,43575,59732,30533,32.55753138075314,242,impa96d.xls
1996-09-01,128391,46941,53132,28318,36.56097390003972,218,impa96d.xls
1996-10-01,140616,46916,63153,30547,33.364624224839275,245,impa96d.xls
1996-11-01,129043,46317,55669,27057,35.89268693381276,232,impa96d.xls
1996-12-01,129978,47674,59851,22453,36.67851482558587,222,impa96d.xls
1997-01-01,131469,45724,52819,32926,34.779301584403925,237,impa97d.xls
1997-02-01,113923,40101,49844,23978,35.200091289730786,212,impa97d.xls
1997-03-01,135099,45643,63415,26041,33.784854069978316,238,impa97d.xls
1997-04-01,140235,51111,61785,27339,36.446678789175316,235,impa97d.xls
1997-05-01,151103,51109,71547,28447,33.82394790308597,263,impa97d.xls
1997-06-01,148722,50545,63161,35016,33.986229340649,256,impa97d.xls
1997-07-01,140966,48799,64018,28149,34.617567356667564,249,impa97d.xls
1997-08-01,148295,52904,66489,28902,35.67483731750902,257,impa97d.xls
1997-09-01,141359,51406,62760,27193,36.36556568736338,241,impa97d.xls
1997-10-01,153382,56242,65818,31322,36.66792713616982,276,impa97d.xls
1997-11-01,144621,54079,60634,29908,37.39360120591062,255,impa97d.xls
1997-12-01,134062,49447,62792,21823,36.88368068505617,230,impa97d.xls
1998-01-01,139013,52301,57734,28978,37.623099997841926,254,impa98d.xls
1998-02-01,123673,45006,51163,27504,36.3911282171533,228,impa98d.xls
1998-03-01,141054,46207,65223,29624,32.758376224708265,231,impa98d.xls
1998-04-01,152419,59555,59302,33562,39.073212657214654,260,impa98d.xls
1998-05-01,153458,48791,70480,34187,31.794367188416373,284,impa98d.xls
1998-06-01,147003,54020,63143,29840,36.74754936974075,268,impa98d.xls
1998-07-01,164790,58111,73877,32802,35.26366891194854,297,impa98d.xls
1998-08-01,165086,51723,71834,41529,31.330942660189233,302,impa98d.xls
1998-09-01,142129,42914,66239,32976,30.19369727501073,248,impa98d.xls
1998-10-01,149779,51738,60254,37787,34.5428931959754,261,impa98d.xls
1998-11-01,156073,50802,63109,42162,32.550152813106685,266,impa98d.xls
1998-12-01,148208,56744,61610,29854,38.28673216020728,275,impa98d.xls
1999-01-01,149029,54260,63086,31683,36.40902106301458,279,impa99d.xls
1999-02-01,132523,45424,58785,28314,34.276314300159214,249,impa99d.xls
1999-03-01,156802,45760,73493,37549,29.183301233402634,273,impa99d.xls
1999-04-01,159990,47364,77994,34632,29.60435027189199,284,impa99d.xls
1999-05-01,163103,46878,72818,43407,28.74134749207556,287,impa99d.xls
1999-06-01,152024,44059,68981,38984,28.981608167131505,282,impa99d.xls
1999-07-01,158018,43752,74850,39416,27.687984913111165,274,impa99d.xls
1999-08-01,153369,43244,74879,35246,28.19605004922768,270,impa99d.xls
1999-09-01,145799,39192,70933,35674,26.88084280413446,255,impa99d.xls
1999-10-01,151201,43779,72375,35047,28.954173583508044,271,impa99d.xls
1999-11-01,138087,40855,67635,29597,29.58642015540927,251,impa99d.xls
1999-12-01,144871,48784,67943,28144,33.67409626495296,261,impa99d.xls
2000-01-01,138770,48271,56460,34039,34.78489587086546,238,impa00d.xls
2000-02-01,137197,48377,64285,24535,35.2609750942076,237,impa00d.xls
2000-03-01,154719,50120,70171,34428,32.39421144138729,277,impa00d.xls
2000-04-01,161391,48805,75275,37311,30.24022405214665,280,impa00d.xls
2000-05-01,151203,51024,62727,37452,33.74536219519454,261,impa00d.xls
2000-06-01,154427,48258,73253,32916,31.249716694619465,263,impa00d.xls
2000-07-01,163050,57042,68839,37169,34.98436062557498,272,impa00d.xls
2000-08-01,173788,57294,74746,41748,32.96775381499298,290,impa00d.xls
2000-09-01,157182,56435,68494,32253,35.904238398798846,259,impa00d.xls
2000-10-01,164780,51173,80542,33065,31.055346522636242,260,impa00d.xls
2000-11-01,153896,59868,66112,27916,38.90159588293393,256,impa00d.xls
2000-12-01,165662,69740,62526,33396,42.09776532940566,259,impa00d.xls
2001-01-01,159764,67729,60140,31895,42.39315490348264,250,impa01d.xls
2001-02-01,133724,50242,53455,30027,37.57141575184709,228,impa01d.xls
2001-03-01,176045,63025,75508,37512,35.80050555255758,272,impa01d.xls
2001-04-01,176269,62354,77240,36675,35.37434262405755,271,impa01d.xls
2001-05-01,174509,64535,72622,37352,36.98090069853131,271,impa01d.xls
2001-06-01,148401,61109,58173,29119,41.178293946806285,243,impa01d.xls
2001-07-01,165774,63907,69879,31988,38.55067742830601,254,impa01d.xls
2001-08-01,165732,72832,59640,33260,43.94564718943837,261,impa01d.xls
2001-09-01,163627,60421,68489,34717,36.92605743550881,271,impa01d.xls
2001-10-01,170665,72334,71952,26379,42.383617027510034,270,impa01d.xls
2001-11-01,157875,68309,57076,32490,43.26777513855899,252,impa01d.xls
2001-12-01,161675,70838,67201,23636,43.81506107932581,254,impa01d.xls
2002-01-01,161508,68361,64325,28822,42.3266958912252,259,impa02d.xls
2002-02-01,149315,63657,57433,28225,42.632689281050126,243,impa02d.xls
2002-03-01,156069,67800,62448,25821,43.442323587643926,262,impa02d.xls
2002-04-01,160174,63471,66007,30696,39.626281418956886,250,impa02d.xls
2002-05-01,162722,69911,69992,22819,42.96345915119037,256,impa02d.xls
2002-06-01,150000,68055,55255,26690,45.37,240,impa02d.xls
2002-07-01,153209,67340,60315,25554,43.9530314798739,253,impa02d.xls
2002-08-01,164909,75237,56659,33013,45.62334378354122,257,impa02d.xls
2002-09-01,137874,60673,54996,22205,44.00612153125317,207,impa02d.xls
2002-10-01,166877,73852,62765,30260,44.25534974861724,272,impa02d.xls
2002-11-01,165731,73188,63031,29512,44.160718272381146,259,impa02d.xls
2002-12-01,154723,63346,69090,22287,40.941553615170335,238,impa02d.xls
2003-01-01,144447,59050,61275,24122,40.880045968417484,246,impa03d.xls
2003-02-01,133974,52308,56557,25109,39.043396479914016,226,impa03d.xls
2003-03-01,161718,59057,75913,26748,36.51850752544553,248,impa03d.xls
2003-04-01,175984,68518,77569,29897,38.9342212928448,267,impa03d.xls
2003-05-01,181785,70630,77860,33295,38.85359078031741,274,impa03d.xls
2003-06-01,175153,70001,65897,39255,39.96563004915702,262,impa03d.xls
2003-07-01,171948,72592,64664,34692,42.21741456719473,257,impa03d.xls
2003-08-01,175043,79085,60182,35776,45.180327119622035,279,impa03d.xls
2003-09-01,174036,73454,62746,37836,42.206210209381965,265,impa03d.xls
2003-10-01,175227,76676,65773,32778,43.758096640357934,262,impa03d.xls
2003-11-01,162464,70675,66441,25348,43.501945046287176,246,impa03d.xls
2003-12-01,172095,83561,64244,24290,48.55515848804439,255,impa03d.xls
2004-01-01,163898,75859,55879,32160,46.28427436576407,263,impa04d.xls
2004-02-01,147506,68914,50319,28273,46.719455479777096,238,impa04d.xls
2004-03-01,180162,72550,68050,39562,40.269313173699224,266,impa04d.xls
2004-04-01,174507,77941,66462,30104,44.66353785234976,261,impa04d.xls
2004-05-01,184763,78939,71593,34231,42.72446323127466,284,impa04d.xls
2004-06-01,181173,79233,70667,31273,43.73333774900234,300,impa04d.xls
2004-07-01,175369,74905,72765,27699,42.71279416544543,284,impa04d.xls
2004-08-01,180789,73348,70361,37080,40.571052442349924,297,impa04d.xls
2004-09-01,164404,71271,60813,32320,43.35113500888056,269,impa04d.xls
2004-10-01,188922,83944,69452,35526,44.43315230624279,306,impa04d.xls
2004-11-01,184076,78227,70912,34937,42.49712075447098,296,impa04d.xls
2004-12-01,185576,85994,69226,30356,46.33896624563521,311,impa04d.xls
2005-01-01,179207,75748,73428,30031,42.26843817484808,293,impa05d.xls
2005-02-01,157637,65732,60833,31072,41.6983322443335,260,impa05d.xls
2005-03-01,185560,79750,76116,29694,42.97801250269455,304,impa05d.xls
2005-04-01,178320,76146,70255,31919,42.70188425302826,277,impa05d.xls
2005-05-01,183859,79260,63395,41204,43.109121663883734,295,impa05d.xls
2005-06-01,183347,76184,69683,37480,41.55181159222676,285,impa05d.xls
2005-07-01,184036,72371,72109,39556,39.32437131865505,304,impa05d.xls
2005-08-01,184458,76634,63548,44276,41.54550087282742,290,impa05d.xls
2005-09-01,134085,48779,53646,31660,36.379162471566545,239,impa05d.xls
2005-10-01,149010,61061,59534,28415,40.97778672572311,304,impa05d.xls
2005-11-01,167901,72152,63012,32737,42.972942388669516,285,impa05d.xls
2005-12-01,174810,77926,69117,27767,44.57754133058749,313,impa05d.xls
2006-01-01,166568,70415,61323,34830,42.274026223524324,315,impa06d.xls
2006-02-01,156481,71405,53551,31525,45.6317380384839,282,impa06d.xls
2006-03-01,167267,75536,56972,34759,45.15893750709943,298,impa06d.xls
2006-04-01,171923,72970,60196,38757,42.44341943777156,295,impa06d.xls
2006-05-01,177212,71739,67660,37813,40.482021533530464,301,impa06d.xls
2006-06-01,182825,74294,60863,47668,40.63667441542459,310,impa06d.xls
2006-07-01,178340,75130,58061,45149,42.12739710665022,309,impa06d.xls
2006-08-01,179390,82625,58604,38161,46.05886615753386,316,impa06d.xls
2006-09-01,177800,74558,61769,41473,41.93363329583802,324,impa06d.xls
2006-10-01,174973,80042,58457,36474,45.74534356729324,332,impa06d.xls
2006-11-01,164519,72034,62345,30140,43.78460846467581,311,impa06d.xls
2006-12-01,161762,67265,59157,35340,41.58269556508945,278,impa06d.xls
2007-01-01,180781,69410,71112,40259,38.39452154817155,330,impa07d.xls
2007-02-01,134010,59718,41256,33036,44.56234609357511,248,impa07d.xls
2007-03-01,188460,81474,65056,41930,43.23145495065266,339,impa07d.xls
2007-04-01,167481,68935,61994,36552,41.15989276395531,301,impa07d.xls
2007-05-01,174456,79399,56619,38438,45.51233548860458,311,impa07d.xls
2007-06-01,170200,73535,64207,32458,43.20505287896592,318,impa07d.xls
2007-07-01,175733,79263,57733,38737,45.10422060739872,329,impa07d.xls
2007-08-01,174621,80506,58415,35700,46.10327509291552,317,impa07d.xls
2007-09-01,166497,72325,66697,27475,43.439221127107395,295,impa07d.xls
2007-10-01,163961,72939,60452,30570,44.48557888766231,300,impa07d.xls
2007-11-01,169780,77243,63213,29324,45.49593591706915,305,impa07d.xls
2007-12-01,172156,74453,61688,36015,43.24740351773973,324,impa07d.xls
2008-01-01,164431,64923,66223,33285,39.48343073994563,311,impa08d.xls
2008-02-01,152052,62756,65371,23925,41.272722489674585,278,impa08d.xls
2008-03-01,163459,68828,63546,31085,42.10719507644119,293,impa08d.xls
2008-04-01,164588,65730,67132,31726,39.93608282499331,306,impa08d.xls
2008-05-01,166926,71138,67909,27879,42.61648874351509,314,impa08d.xls
2008-06-01,165985,70780,68393,26812,42.642407446456005,303,impa08d.xls
2008-07-01,178070,75829,72548,29693,42.58381535351266,342,impa08d.xls
2008-08-01,178213,74944,70779,32490,42.053048879711355,316,impa08d.xls
2008-09-01,122809,48968,51356,22485,39.87329918817025,256,impa08d.xls
2008-10-01,165345,72066,55849,37430,43.58523088088542,332,impa08d.xls
2008-11-01,163575,75652,58782,29141,46.249121198227115,297,impa08d.xls
2008-12-01,152498,69477,55141,27880,45.559286023423255,264,impa08d.xls
2009-01-01,172564,81742,56528,34294,47.36909204700865,344,impa09d.xls
2009-02-01,142899,66939,48289,27671,46.843574832574056,282,impa09d.xls
2009-03-01,177374,72497,66187,38690,40.87239392470148,342,impa09d.xls
2009-04-01,163919,69889,59676,34354,42.63630207602535,307,impa09d.xls
2009-05-01,156389,76397,52313,27679,48.85062248623625,318,impa09d.xls
2009-06-01,150915,75096,51877,23942,49.76046118676076,307,impa09d.xls
2009-07-01,149081,67292,53634,28155,45.13787806628611,276,impa09d.xls
2009-08-01,144409,69347,40833,34229,48.021245213248484,280,impa09d.xls
2009-09-01,154401,70095,52190,32116,45.39802203353605,283,impa09d.xls
2009-10-01,139458,65082,39732,34644,46.667813965494986,272,impa09d.xls
2009-11-01,147368,63975,48207,35186,43.411731176374786,283,impa09d.xls
2009-12-01,136820,63884,41144,31792,46.692004092968865,262,impa09d.xls
2010-01-01,152889,68879,45855,38155,45.05163877061136,299,impa10d.xls
2010-02-01,132325,58069,41174,33082,43.88361987530701,248,impa10d.xls
2010-03-01,171204,70106,60517,40581,40.948809607252166,341,impa10d.xls
2010-04-01,174902,74715,62283,37904,42.71820791071571,350,impa10d.xls
2010-05-01,174231,84047,55324,34860,48.23883235474743,352,impa10d.xls
2010-06-01,172657,71607,65637,35413,41.47355739993166,342,impa10d.xls
2010-07-01,179539,85373,55323,38843,47.5512284239079,372,impa10d.xls
2010-08-01,171231,79291,54451,37489,46.30645151870865,330,impa10d.xls
2010-09-01,157798,71007,51604,35187,44.9986691846538,306,impa10d.xls
2010-10-01,147990,72749,47221,28020,49.158051219677006,283,impa10d.xls
2010-11-01,154217,71241,48435,34541,46.19529623841729,300,impa10d.xls
2010-12-01,155940,74336,50905,30699,47.66961651917404,289,impa10d.xls
2011-01-01,165737,78278,57319,30140,47.23025033637631,342,impa11d.xls
2011-02-01,121231,60394,41726,19111,49.817290956933455,259,impa11d.xls
2011-03-01,158523,69431,56856,32236,43.79869167250178,322,impa11d.xls
2011-04-01,145482,62803,54316,28363,43.16891436741315,289,impa11d.xls
2011-05-01,159242,77318,48129,33795,48.55377350196556,317,impa11d.xls
2011-06-01,154882,70876,58353,25653,45.76128923955011,316,impa11d.xls
2011-07-01,158566,76209,53253,29104,48.06137507410163,317,impa11d.xls
2011-08-01,146543,75023,47335,24185,51.195212326757336,283,impa11d.xls
2011-09-01,140930,70594,48019,22317,50.091534804512875,313,impa11d.xls
2011-10-01,153243,78215,50377,24651,51.03985173874174,310,impa11d.xls
2011-11-01,144304,73552,49368,21384,50.970174076948666,300,impa11d.xls
2011-12-01,145572,73573,50851,21148,50.540625944549774,282,impa11d.xls
2012-01-01,135344,64633,51024,19687,47.754610474051304,275,impa12d.xls
2012-02-01,125925,67630,38923,19372,53.70657137184832,234,impa12d.xls
2012-03-01,151047,74758,53401,22888,49.49320410203447,289,impa12d.xls
2012-04-01,143387,72299,50573,20515,50.422283749572834,273,impa12d.xls
2012-05-01,151547,71105,59756,20686,46.919437534230305,293,impa12d.xls
2012-06-01,143030,69460,48102,25468,48.56323848143746,307,impa12d.xls
2012-07-01,133112,72953,40436,19723,54.80572750766272,266,impa12d.xls
2012-08-01,137647,63541,53781,20325,46.162284684737045,288,impa12d.xls
2012-09-01,131790,68909,45313,17568,52.28697169739738,271,impa12d.xls
2012-10-01,129175,63568,50418,15189,49.21076059609057,260,impa12d.xls
2012-11-01,133413,71570,47986,13857,53.64544684550981,272,impa12d.xls
2012-12-01,119555,67271,41303,10981,56.26782652335745,254,impa12d.xls
2013-01-01,116474,66535,38870,11069,57.12433676185243,266,impa13d.xls
2013-02-01,93825,49247,34692,9886,52.48814281907807,219,impa13d.xls
2013-03-01,114006,57809,47588,8609,50.70698033436837,235,impa13d.xls
2013-04-01,115366,66232,42026,7108,57.410328866390444,239,impa13d.xls
2013-05-01,121580,65712,46621,9247,54.04836321763448,235,impa13d.xls
2013-06-01,116752,68757,39700,8295,58.89149650541319,235,impa13d.xls
2013-07-01,119583,68601,41856,9126,57.366849803065655,226,impa13d.xls
2013-08-01,116591,63891,43294,9406,54.799255517149696,235,impa13d.xls
2013-09-01,112606,66467,41414,4725,59.02616201623359,215,impa13d.xls
2013-10-01,107186,68846,33837,4503,64.23040322430168,222,impa13d.xls
2013-11-01,113501,65901,43267,4333,58.06204350622461,225,impa13d.xls
2013-12-01,116279,72496,40512,3271,62.34659740795844,240,impa13d.xls
2014-01-01,112977,60372,49179,3426,53.437425316657375,259,impa14d.xls
2014-02-01,99366,51953,43246,4167,52.284483626190045,216,impa14d.xls
2014-03-01,106444,60245,42164,4035,56.59783548156777,239,impa14d.xls
2014-04-01,107724,63204,43063,1457,58.672162192269134,233,impa14d.xls
2014-05-01,101314,65699,32780,2835,64.84691158181495,209,impa14d.xls
2014-06-01,92222,58978,32585,659,63.95220229446336,199,impa14d.xls
2014-07-01,110287,67011,42571,705,60.760561081541795,232,impa14d.xls
2014-08-01,109360,77479,31659,222,70.84765910753475,219,impa14d.xls
2014-09-01,95248,67685,26493,1070,71.06185956660508,204,impa14d.xls
2014-10-01,92032,65762,25194,1076,71.45558066759388,208,impa14d.xls
2014-11-01,102966,73969,28320,677,71.83827671270129,231,impa14d.xls
2014-12-01,93350,65001,27767,582,69.63149437600428,246,impa14d.xls
2015-01-01,97152,72246,23789,1117,74.36388339920948,264,impa15d.xls
2015-02-01,87432,66646,19695,1091,76.22609570866501,238,impa15d.xls
2015-03-01,101991,71200,29630,1161,69.81008128168172,239,impa15d.xls
2015-04-01,96069,63599,31770,700,66.20137609426558,233,impa15d.xls
2015-05-01,103636,61452,40463,1721,59.29599752981589,246,impa15d.xls
2015-06-01,98026,68749,27178,2099,70.13343398690144,231,impa15d.xls
2015-07-01,97648,68146,28665,837,69.78739963952155,252,impa15d.xls
2015-08-01,95363,69761,24734,868,73.15310969663287,236,impa15d.xls
2015-09-01,88847,64688,23090,1069,72.8083109165194,234,impa15d.xls
2015-10-01,92248,62314,29227,707,67.55051600034689,248,impa15d.xls
2015-11-01,92457,62357,29769,331,67.44432547021859,233,impa15d.xls
2015-12-01,108937,74930,32975,1032,68.7828745054481,264,impa15d.xls
2016-01-01,93459,67671,25385,403,72.40715179918467,255,impa16d.xlsx
2016-02-01,91573,64426,25154,1993,70.35479890360696,238,impa16d.xlsx
2016-03-01,112414,74499,34779,3136,66.27199459142099,240,impa16d.xlsx
2016-04-01,97458,62995,33353,1110,64.63810051509368,217,impa16d.xlsx
2016-05-01,111756,70335,40693,728,62.936218189627404,251,impa16d.xlsx
2016-06-01,98891,61740,34191,2960,62.432375039184556,224,impa16d.xlsx
2016-07-01,113633,72382,35017,6234,63.69804546214568,261,impa16d.xlsx
2016-08-01,108469,67750,37502,3217,62.46024209682029,270,impa16d.xlsx
2016-09-01,101427,64714,31871,4842,63.80352371656462,235,impa16d.xlsx
2016-10-01,96567,61683,31369,3515,63.87585821243282,250,impa16d.xlsx
2016-11-01,104479,69907,30286,4286,66.91009676585725,264,impa16d.xlsx
2016-12-01,102250,66917,31742,3591,65.44449877750611,257,impa16d.xlsx
2017-01-01,108302,75423,28229,4650,69.64137319717088,250,impa17d.xlsx
2017-02-01,92663,64185,26036,2442,69.26712927489936,202,impa17d.xlsx
2017-03-01,104555,66046,30381,8128,63.16866720864617,235,impa17d.xlsx
2017-04-01,103731,70976,30920,1835,68.42313291108734,248,impa17d.xlsx
2017-05-01,108311,71014,33805,3492,65.56490107191328,256,impa17d.xlsx
2017-06-01,97794,66813,28696,2285,68.32014234002087,258,impa17d.xlsx
2017-07-01,100201,65215,33922,1064,65.08418079659883,259,impa17d.xlsx
2017-08-01,81438,59104,22334,0,72.57545617524988,229,impa17d.xlsx
2017-09-01,75714,52206,21942,1566,68.95158094936207,220,impa17d.xlsx
2017-10-01,87547,64640,21954,953,73.83462597233486,243,impa17d.xlsx
2017-11-01,85493,62802,22616,75,73.45864573707789,228,impa17d.xlsx
2017-12-01,85987,62604,23383,0,72.80635444892833,229,impa17d.xlsx
2018-01-01,88614,62623,24997,994,70.66942018191257,235,impa18d.xlsx
2018-02-01,77565,57995,16403,3167,74.76954812093084,204,impa18d.xlsx
2018-03-01,90399,66565,22404,1430,73.63466410026659,235,impa18d.xlsx
2018-04-01,94033,64231,29348,454,68.30687099209852,238,impa18d.xlsx
2018-05-01,83127,60776,21162,1189,73.11222587125724,210,impa18d.xlsx
2018-06-01,89388,66900,19749,2739,74.84226070613505,222,impa18d.xlsx
2018-07-01,91229,67912,22966,351,74.44124127196396,221,impa18d.xlsx
2018-08-01,88747,66335,22035,377,74.74618860355844,220,impa18d.xlsx
2018-09-01,85490,61568,23299,623,72.01777985729325,213,impa18d.xlsx
2018-10-01,84477,62431,21100,946,73.90295583413237,248,impa18d.xlsx
2018-11-01,74694,58725,15752,217,78.62077275283156,218,impa18d.xlsx
2018-12-01,69558,53994,14250,1314,77.62442853446045,209,impa18d.xlsx
2019-01-01,75151,58751,16031,369,78.17726976354274,234,impa19d.xlsx
2019-02-01,52785,39703,12515,567,75.21644406554893,164,impa19d.xlsx
2019-03-01,64314,49582,14624,108,77.09363435643873,195,impa19d.xlsx
2019-04-01,64244,49879,14302,63,77.6399352468713,205,impa19d.xlsx
2019-05-01,74186,57825,15951,410,77.94597363383927,224,impa19d.xlsx
2019-06-01,62213,50650,11495,68,81.41385241026795,215,impa19d.xlsx
2019-07-01,62495,56361,5456,678,90.18481478518281,218,impa19d.xlsx
2019-08-01,59247,50508,8364,375,85.24988607018076,194,impa19d.xlsx
2019-09-01,52492,43457,9035,0,82.7878533871828,187,impa19d.xlsx
2019-10-01,48282,42037,5884,361,87.06557309142123,190,impa19d.xlsx
2019-11-01,45199,41886,3313,0,92.67019181840307,152,impa19d.xlsx
2019-12-01,57032,48028,8929,75,84.21237200168326,184,impa19d.xlsx
2020-01-01,59321,51339,7982,0,86.54439405943933,193,impa20d.xlsx
2020-02-01,51172,41009,9644,519,80.13952943015711,164,impa20d.xlsx
2020-03-01,54977,44003,10445,529,80.03892536879059,169,impa20d.xlsx
2020-04-01,50033,40720,8811,502,81.38628505186577,160,impa20d.xlsx
2020-05-01,74159,46572,27587,0,62.80019957119163,168,impa20d.xlsx
2020-06-01,75421,46446,26688,2287,61.58231792206415,212,impa20d.xlsx
2020-07-01,68522,44469,22645,1408,64.89740521292431,208,impa20d.xlsx
2020-08-01,45055,35622,8579,854,79.0633669958939,174,impa20d.xlsx
2020-09-01,44998,36128,8761,109,80.28801280056891,169,impa20d.xlsx
2020-10-01,47555,36096,9232,2227,75.90369046367364,183,impa20d.xlsx
2020-11-01,47800,36508,10499,793,76.3765690376569,185,impa20d.xlsx
2020-12-01,47237,35762,10878,597,75.70760209158075,187,impa20d.xlsx
2021-01-01,48705,39114,8641,950,80.30797659377887,176,impa21d.xlsx
2021-02-01,33961,25332,7460,1169,74.59144312593858,133,impa21d.xlsx
2021-03-01,44516,35302,7329,1885,79.30182406325815,157,impa21d.xlsx
2021-04-01,43275,33489,8155,1631,77.38648180242635,149,impa21d.xlsx
2021-05-01,45601,35805,7774,2022,78.51801495581238,159,impa21d.xlsx
2021-06-01,50522,35767,13884,871,70.79490123114682,143,impa21d.xlsx
2021-07-01,55900,39253,16042,605,70.22003577817532,177,impa21d.xlsx
2021-08-01,49961,38273,11260,428,76.6057524869398,171,impa21d.xlsx
2021-09-01,54212,36896,16518,798,68.05873238397403,179,impa21d.xlsx
2021-10-01,46778,33820,12956,2,72.29894394800975,166,impa21d.xlsx
2021-11-01,47167,34902,12265,0,73.99665020035194,176,impa21d.xlsx
2021-12-01,46687,35072,11615,0,75.12155417996445,191,impa21d.xlsx
2022-01-01,51933,37960,13973,0,73.09417903837637,211,impa22d.xlsx
2022-02-01,43241,32561,10680,0,75.3012187507227,167,impa22d.xlsx
2022-03-01,51877,38958,12919,0,75.09686373537406,191,impa22d.xlsx
2022-04-01,47042,34620,12422,0,73.59380978699885,197,impa22d.xlsx
2022-05-01,58511,46050,12461,0,78.70314983507375,223,impa22d.xlsx
2022-06-01,52663,36884,15779,0,70.03778744089779,210,impa22d.xlsx
2022-07-01,62770,46195,16184,391,73.59407360203919,230,impa22d.xlsx
2022-08-01,50188,38237,11951,0,76.18753486889297,228,impa22d.xlsx
2022-09-01,47332,37602,9204,526,79.44308290374377,191,impa22d.xlsx
2022-10-01,47112,41216,5795,101,87.48514178977756,219,impa22d.xlsx
2022-11-01,40361,31354,8763,244,77.68390277743366,187,impa22d.xlsx
2022-12-01,44620,32016,12604,0,71.75257731958763,184,impa22d.xlsx
2023-01-01,52182,40147,11534,501,76.93649151048254,205,impa23d.xlsx
2023-02-01,50288,38730,10574,984,77.01638561883551,192,impa23d.xlsx
2023-03-01,51409,40153,11256,0,78.10500106985158,214,impa23d.xlsx
2023-04-01,47790,36211,11579,0,75.77108181627956,210,impa23d.xlsx
2023-05-01,51462,40292,11170,0,78.29466402394,235,impa23d.xlsx
2023-06-01,52573,39210,12766,597,74.58200977688166,204,impa23d.xlsx
2023-07-01,56639,43005,11686,1948,75.92824732075071,219,impa23d.xlsx
2023-08-01,57474,44117,12046,1311,76.75992622751157,224,impa23d.xlsx
2023-09-01,55962,43361,12557,44,77.48293484864729,232,impa23d.xlsx
2023-10-01,48466,38755,7884,1827,79.96327322246523,221,impa23d.xlsx
2023-11-01,47112,39182,5277,2653,83.16777041942605,213,impa23d.xlsx
2023-12-01,53257,40163,9932,3162,75.41356065869276,243,impa23d.xlsx
2024-01-01,50425,37842,10582,2001,75.04610808130887,230,impa24d.xlsx
2024-02-01,48949,37130,10328,1491,75.85446076528632,205,impa24d.xlsx
2024-03-01,48099,35470,11160,1469,73.74373687602653,222,impa24d.xlsx
2024-04-01,50452,36615,12842,995,72.57393165781336,212,impa24d.xlsx
2024-05-01,61851,46704,12751,2396,75.51050104282874,271,impa24d.xlsx
2024-06-01,53963,42440,9658,1865,78.64647999555251,193,impa24d.xlsx
2024-07-01,50207,38616,10226,1365,76.91357778795785,240,impa24d.xlsx
2024-08-01,45372,36837,5974,2561,81.1888389314996,177,impa24d.xlsx
2024-09-01,47358,36861,9512,985,77.83479032053718,180,impa24d.xlsx
2024-10-01,48759,39162,7123,2474,80.31747984987386,200,impa24d.xlsx
2024-11-01,49409,41193,4769,3447,83.37145054544719,186,impa24d.xlsx
2024-12-01,47698,40064,5647,1987,83.99513606440522,198,impa24d.xlsx
2025-01-01,46451,37971,6159,2321,81.74420356935265,200,impa25d.xlsx
2025-02-01,38421,31249,6680,492,81.33312511387003,164,impa25d.xlsx
2025-03-01,45172,36407,7779,986,80.59638714247764,184,impa25d.xlsx
2025-04-01,43933,32446,9973,1514,73.85336762797897,153,impa25d.xlsx
2025-05-01,42134,34026,7150,958,80.75663359756966,141,impa25d.xlsx
2025-06-01,42712,35326,6034,1352,82.70743584941,127,impa25d.xlsx
2025-07-01,42342,32368,7953,2021,76.44419252751405,179,impa25d.xlsx
2025-08-01,45062,35078,8040,1944,77.84385957125738,168,impa25d.xlsx
2025-09-01,43438,35349,5667,2422,81.37805607993002,180,impa25d.xlsx
2025-10-01,37947,30966,5991,990,81.6032887975334,164,impa25d.xlsx
2025-11-01,39744,31303,7947,494,78.76157407407408,140,impa25d.xlsx
2025-12-01,40155,32149,7064,942,80.06225874735401,163,impa25d.xlsx
2026-01-01,45798,32878,11485,1435,71.78916109873794,127,import2601.xlsx
2026-02-01,40567,29745,10309,513,73.32314442773684,95,import2602.xlsx
2026-03-01,48507,35175,13332,0,72.51530706908281,105,import2603.xlsx
2026-04-01,40124,36498,3111,515,90.96301465457083,113,import2604.xlsx
2026-05-01,42355,40960,1395,0,96.70641010506434,122,import2605.xlsx
2026-06-01,40895,37566,2362,967,91.85964054285365,120,import2606.xlsx
